label,message
ham,"Let's go for dinner after college today, I am free after 6 pm"
spam,"Dear customer, you are eligible for a free recharge of Rs 1,00,000. Claim at www.secure-bank-verify.net"
ham,"Lab for python starts at 5 pm, don't be late"
ham,Please submit the machine learning assignment before tomorrow morning
spam,Final notice: your package could not be delivered. Pay a small fee at www.secure-bank-verify.net
ham,Meeting is rescheduled to noon tomorrow. Please confirm if you can join
spam,"Cheap meds online, no prescription needed. Order today at www.free-prize-now.com"
spam,Free entry in our weekly draw to win $500. Text WIN to 9090 now
ham,Your order has been placed and will be delivered by 7:30 pm tomorrow
ham,"Lab for maths starts at noon, don't be late"
ham,"Lab for python starts at 10 am, don't be late"
spam,Final notice: your package could not be delivered. Pay a small fee at http://claim-offer.in/x
ham,"Lab for python starts at 7:30 pm, don't be late"
spam,Hot singles in your area are waiting. Chat free at www.secure-bank-verify.net
ham,"Hey, are we still meeting for a movie at 7:30 pm?"
ham,"Lab for physics starts at 7:30 pm, don't be late"
ham,"Hey, are we still meeting for coffee at 6 pm?"
spam,Get a loan of $2500 approved instantly with no documents. Apply at http://bit.ly/win123
spam,Your credit card has a pre-approved limit of Rs 10000. Call 8000123456 to activate offer
spam,URGENT! Your account has been suspended. Verify your details at www.free-prize-now.com immediately
ham,"Lab for physics starts at noon, don't be late"
ham,"Let's go for a movie after college today, I am free after 9 pm"
spam,Free entry in our weekly draw to win Rs 10000. Text WIN to 56789 now
ham,"Lab for python starts at noon, don't be late"
ham,Reminder: doctor appointment at noon tomorrow. Please be on time
ham,"Lab for machine learning starts at 9 pm, don't be late"
spam,Final notice: your package could not be delivered. Pay a small fee at http://bit.ly/win123
ham,I will reach home by 7:30 pm. Please keep the dinner ready
ham,Can you send me the notes for electronics class? I missed it today
spam,Get a loan of Rs 10000 approved instantly with no documents. Apply at http://claim-offer.in/x
ham,"Let's go for a movie after college today, I am free after 5 pm"
spam,WINNER!! You have been selected to receive Rs 10000. Call 8000123456 now to claim
ham,"Bro, lend me your physics book for a day, I will return it tomorrow"
spam,"Cheap meds online, no prescription needed. Order today at http://claim-offer.in/x"
ham,Can you call me when you are free? Need to discuss something about DBMS
spam,"Get a loan of Rs 1,00,000 approved instantly with no documents. Apply at www.free-prize-now.com"
ham,Can you call me when you are free? Need to discuss something about maths
ham,Can you call me when you are free? Need to discuss something about python
spam,Get a loan of $500 approved instantly with no documents. Apply at www.secure-bank-verify.net
ham,"Mom called, she is asking when you are coming home this weekend"
spam,Congratulations! You have won a Rs 5000 gift card. Click www.free-prize-now.com to claim your prize now
spam,"Dear customer, you are eligible for a free recharge of Rs 1,00,000. Claim at http://claim-offer.in/x"
ham,"Let's go for a movie after college today, I am free after noon"
ham,"Lab for maths starts at 10 am, don't be late"
ham,"Sorry I missed your call, I was in class. Will call back at 10 am"
spam,Win a free holiday trip to Dubai! Reply YES to 44880 to enter the contest
ham,Can you send me the notes for maths class? I missed it today
spam,"Dear customer, you are eligible for a free recharge of Rs 1,00,000. Claim at www.free-prize-now.com"
spam,You have won a lottery of $2500! Send your bank details to claim the reward
ham,"Hey, are we still meeting for lunch at noon?"
ham,"Bro, lend me your DBMS book for a day, I will return it tomorrow"
spam,WINNER!! You have been selected to receive $2500. Call 56789 now to claim
ham,"Lab for electronics starts at 10 am, don't be late"
spam,Limited time offer! Buy one get one free on all items. Shop now at http://cash4u.biz
spam,URGENT! Your account has been suspended. Verify your details at http://claim-offer.in/x immediately
spam,Hot singles in your area are waiting. Chat free at www.free-prize-now.com
ham,The exam for DBMS is on Monday. Want to study together this weekend?
ham,"Bro, lend me your electronics book for a day, I will return it tomorrow"
ham,Meeting is rescheduled to 9 pm tomorrow. Please confirm if you can join
spam,Congratulations! You have won a Rs 5000 gift card. Click http://claim-offer.in/x to claim your prize now
ham,What are you doing for the library today? Let me know
spam,Your credit card has a pre-approved limit of $500. Call 9090 to activate offer
ham,Can you pick me up from the station at noon?
ham,What are you doing for dinner today? Let me know
spam,Earn $1000 per day working from home. No experience needed. Click www.free-prize-now.com
ham,"I will send the files by evening, please check your mail"
spam,"Your credit card has a pre-approved limit of Rs 1,00,000. Call 8000123456 to activate offer"
ham,"Hey, are we still meeting for dinner at 9 pm?"
ham,Please submit the maths assignment before tomorrow morning
spam,"Dear customer, you are eligible for a free recharge of Rs 5000. Claim at http://cash4u.biz"
ham,"Lab for maths starts at 9 pm, don't be late"
ham,I will reach home by 9 pm. Please keep the dinner ready
spam,Your credit card has a pre-approved limit of Rs 5000. Call 8000123456 to activate offer
ham,Your order has been placed and will be delivered by 10 am tomorrow
ham,What are you doing for coffee today? Let me know
spam,"Congratulations! You have won a Rs 1,00,000 gift card. Click www.free-prize-now.com to claim your prize now"
ham,Meeting is rescheduled to 6 pm tomorrow. Please confirm if you can join
spam,Earn Rs 5000 per day working from home. No experience needed. Click http://cash4u.biz
spam,Earn Rs 10000 per day working from home. No experience needed. Click http://claim-offer.in/x
ham,"Hey, are we still meeting for lunch at 5 pm?"
ham,"Hey, are we still meeting for dinner at 5 pm?"
ham,"I liked the chemistry lecture today, the teacher explained it very well"
spam,Free entry in our weekly draw to win Rs 50000. Text WIN to 8000123456 now
ham,"Let's go for the library after college today, I am free after 5 pm"
ham,"Let's go for a movie after college today, I am free after 6 pm"
spam,"Dear customer, you are eligible for a free recharge of Rs 50000. Claim at www.free-prize-now.com"
ham,"Hey, are we still meeting for the library at 5 pm?"
ham,"Let's go for dinner after college today, I am free after noon"
spam,Congratulations! You have won a $500 gift card. Click www.free-prize-now.com to claim your prize now
ham,"Let's go for coffee after college today, I am free after 7:30 pm"
ham,"Hey, are we still meeting for a movie at 9 pm?"
spam,Earn $500 per day working from home. No experience needed. Click http://claim-offer.in/x
ham,"Hey, are we still meeting for dinner at noon?"
spam,Get a loan of Rs 10000 approved instantly with no documents. Apply at www.secure-bank-verify.net
ham,"Lab for DBMS starts at 9 pm, don't be late"
spam,Hot singles in your area are waiting. Chat free at http://cash4u.biz
spam,Limited time offer! Buy one get one free on all items. Shop now at http://bit.ly/win123
ham,"Lab for chemistry starts at 9 pm, don't be late"
ham,Can you call me when you are free? Need to discuss something about electronics
spam,"You have won a lottery of Rs 1,00,000! Send your bank details to claim the reward"
spam,Congratulations! You have won a Rs 10000 gift card. Click www.secure-bank-verify.net to claim your prize now
ham,"Lab for chemistry starts at 5 pm, don't be late"
spam,Act now! Double your money in 24 hours with our guaranteed investment. http://cash4u.biz
ham,"Sorry I missed your call, I was in class. Will call back at noon"
spam,Congratulations! You have won a $2500 gift card. Click http://bit.ly/win123 to claim your prize now
ham,"Let's go for dinner after college today, I am free after 5 pm"
spam,Free entry in our weekly draw to win $2500. Text WIN to 8000123456 now
ham,"Lab for electronics starts at noon, don't be late"
ham,"Papa said he will transfer the fees tomorrow, I will pay it then"
ham,"Lab for maths starts at 7:30 pm, don't be late"
ham,Can you pick me up from the station at 7:30 pm?
spam,Free entry in our weekly draw to win Rs 50000. Text WIN to 44880 now
spam,Congratulations! You have won a $2500 gift card. Click www.secure-bank-verify.net to claim your prize now
ham,"Lab for machine learning starts at 7:30 pm, don't be late"
ham,"Hey, are we still meeting for coffee at 10 am?"
ham,"I liked the electronics lecture today, the teacher explained it very well"
ham,"Lab for chemistry starts at noon, don't be late"
spam,"Dear customer, you are eligible for a free recharge of Rs 1,00,000. Claim at http://cash4u.biz"
spam,Earn $500 per day working from home. No experience needed. Click www.free-prize-now.com
spam,Free entry in our weekly draw to win $1000. Text WIN to 56789 now
ham,Can you send me the notes for machine learning class? I missed it today
spam,"Cheap meds online, no prescription needed. Order today at http://cash4u.biz"
ham,Can you send me the notes for chemistry class? I missed it today
ham,"Good night, take care and see you tomorrow"
ham,"Hey, are we still meeting for a movie at 5 pm?"
spam,Congratulations! You have won a $1000 gift card. Click http://claim-offer.in/x to claim your prize now
ham,"Let's go for the library after college today, I am free after 6 pm"
spam,"Dear customer, you are eligible for a free recharge of Rs 10000. Claim at http://bit.ly/win123"
spam,Get a loan of $1000 approved instantly with no documents. Apply at www.secure-bank-verify.net
ham,"Hey, are we still meeting for coffee at 5 pm?"
ham,"Let's go for coffee after college today, I am free after noon"
ham,"Sorry I missed your call, I was in class. Will call back at 9 pm"
ham,"Lab for DBMS starts at 7:30 pm, don't be late"
spam,Earn Rs 50000 per day working from home. No experience needed. Click www.free-prize-now.com
spam,WINNER!! You have been selected to receive Rs 50000. Call 8000123456 now to claim
spam,"Dear customer, you are eligible for a free recharge of $2500. Claim at http://bit.ly/win123"
spam,Earn Rs 50000 per day working from home. No experience needed. Click http://bit.ly/win123
spam,Claim your free iPhone now! Offer ends tonight. Click www.free-prize-now.com
spam,WINNER!! You have been selected to receive $500. Call 56789 now to claim
spam,Final notice: your package could not be delivered. Pay a small fee at http://cash4u.biz
ham,Can you call me when you are free? Need to discuss something about physics
spam,Your credit card has a pre-approved limit of Rs 5000. Call 9090 to activate offer
spam,WINNER!! You have been selected to receive $1000. Call 9090 now to claim
spam,Final notice: your package could not be delivered. Pay a small fee at www.free-prize-now.com
spam,Your KYC is expired. Update now at www.free-prize-now.com or your account will be blocked today
spam,Earn Rs 10000 per day working from home. No experience needed. Click www.free-prize-now.com
ham,Meeting is rescheduled to 5 pm tomorrow. Please confirm if you can join
ham,"Let's go for a movie after college today, I am free after 10 am"
spam,Win a free holiday trip to Dubai! Reply YES to 56789 to enter the contest
ham,Please submit the physics assignment before tomorrow morning
spam,Congratulations! You have won a Rs 5000 gift card. Click www.secure-bank-verify.net to claim your prize now
spam,"Dear customer, you are eligible for a free recharge of Rs 5000. Claim at www.free-prize-now.com"
spam,Bonus alert: Get 100% cashback on your first deposit. Register at www.secure-bank-verify.net
spam,Your credit card has a pre-approved limit of $2500. Call 56789 to activate offer
ham,"Hey, are we still meeting for coffee at noon?"
spam,Free entry in our weekly draw to win Rs 50000. Text WIN to 56789 now
spam,Act now! Double your money in 24 hours with our guaranteed investment. www.secure-bank-verify.net
ham,Can you pick me up from the station at 5 pm?
spam,Your KYC is expired. Update now at http://bit.ly/win123 or your account will be blocked today
spam,Your credit card has a pre-approved limit of $500. Call 8000123456 to activate offer
spam,Get a loan of $500 approved instantly with no documents. Apply at http://bit.ly/win123
spam,Congratulations! You have won a Rs 5000 gift card. Click http://cash4u.biz to claim your prize now
spam,WINNER!! You have been selected to receive Rs 5000. Call 56789 now to claim
spam,Congratulations! You have won a Rs 10000 gift card. Click http://claim-offer.in/x to claim your prize now
ham,"Sorry I missed your call, I was in class. Will call back at 6 pm"
spam,Congratulations! You have won a $1000 gift card. Click http://bit.ly/win123 to claim your prize now
ham,"Let's go for dinner after college today, I am free after 10 am"
spam,Earn $1000 per day working from home. No experience needed. Click http://claim-offer.in/x
ham,"Lab for python starts at 6 pm, don't be late"
spam,You have won a lottery of $1000! Send your bank details to claim the reward
spam,Get a loan of Rs 50000 approved instantly with no documents. Apply at http://cash4u.biz
ham,"Lab for DBMS starts at 10 am, don't be late"
spam,"Congratulations! You have won a Rs 1,00,000 gift card. Click http://claim-offer.in/x to claim your prize now"
ham,"Lab for chemistry starts at 7:30 pm, don't be late"
ham,Your order has been placed and will be delivered by 6 pm tomorrow
ham,Can you call me when you are free? Need to discuss something about chemistry
ham,Reminder: doctor appointment at 9 pm tomorrow. Please be on time
ham,"Lab for machine learning starts at 10 am, don't be late"
ham,"Hey, are we still meeting for lunch at 6 pm?"
ham,"Let's go for coffee after college today, I am free after 5 pm"
ham,"Let's go for lunch after college today, I am free after 7:30 pm"
ham,"Lab for DBMS starts at 5 pm, don't be late"
ham,The exam for maths is on Monday. Want to study together this weekend?
ham,"Lab for DBMS starts at noon, don't be late"
spam,WINNER!! You have been selected to receive $1000. Call 8000123456 now to claim
ham,"Lab for maths starts at 5 pm, don't be late"
spam,Your credit card has a pre-approved limit of $500. Call 44880 to activate offer
spam,Bonus alert: Get 100% cashback on your first deposit. Register at http://bit.ly/win123
ham,Your order has been placed and will be delivered by 5 pm tomorrow
ham,"Hey, are we still meeting for a movie at 10 am?"
spam,You have won a lottery of Rs 10000! Send your bank details to claim the reward
ham,"Let's go for lunch after college today, I am free after 6 pm"
ham,The exam for electronics is on Monday. Want to study together this weekend?
spam,"Dear customer, you are eligible for a free recharge of Rs 50000. Claim at http://claim-offer.in/x"
spam,Congratulations! You have won a Rs 10000 gift card. Click www.free-prize-now.com to claim your prize now
ham,"Hey, are we still meeting for dinner at 10 am?"
spam,"Your credit card has a pre-approved limit of Rs 1,00,000. Call 56789 to activate offer"
spam,"Dear customer, you are eligible for a free recharge of Rs 50000. Claim at http://cash4u.biz"
ham,"Hey, are we still meeting for lunch at 7:30 pm?"
ham,"Let's go for lunch after college today, I am free after 10 am"
spam,Get a loan of Rs 5000 approved instantly with no documents. Apply at http://bit.ly/win123
spam,Bonus alert: Get 100% cashback on your first deposit. Register at www.free-prize-now.com
ham,The exam for chemistry is on Monday. Want to study together this weekend?
spam,Claim your free iPhone now! Offer ends tonight. Click http://bit.ly/win123
ham,Can you send me the notes for python class? I missed it today
spam,Your credit card has a pre-approved limit of Rs 10000. Call 9090 to activate offer
spam,Your credit card has a pre-approved limit of $500. Call 56789 to activate offer
ham,"I am running late, will be there in 15 minutes"
ham,"Thanks for helping me with the project yesterday, really appreciate it"
spam,Limited time offer! Buy one get one free on all items. Shop now at www.secure-bank-verify.net
ham,"I liked the DBMS lecture today, the teacher explained it very well"
spam,Bonus alert: Get 100% cashback on your first deposit. Register at http://claim-offer.in/x
spam,"Dear customer, you are eligible for a free recharge of Rs 5000. Claim at http://claim-offer.in/x"
spam,Get a loan of $1000 approved instantly with no documents. Apply at www.free-prize-now.com
ham,"I liked the machine learning lecture today, the teacher explained it very well"
spam,Claim your free iPhone now! Offer ends tonight. Click http://claim-offer.in/x
ham,"Sorry I missed your call, I was in class. Will call back at 5 pm"
spam,Your KYC is expired. Update now at http://claim-offer.in/x or your account will be blocked today
ham,Reminder: doctor appointment at 5 pm tomorrow. Please be on time
ham,"Lab for machine learning starts at 5 pm, don't be late"
ham,"Let's go for coffee after college today, I am free after 6 pm"
ham,I will reach home by noon. Please keep the dinner ready
spam,Your credit card has a pre-approved limit of Rs 50000. Call 9090 to activate offer
ham,The exam for physics is on Monday. Want to study together this weekend?
spam,Get a loan of $2500 approved instantly with no documents. Apply at http://claim-offer.in/x
ham,"Let's go for dinner after college today, I am free after 9 pm"
ham,Just reached the station. Where are you standing?
ham,"Hey, are we still meeting for the library at noon?"
spam,WINNER!! You have been selected to receive Rs 5000. Call 8000123456 now to claim
spam,Get a loan of Rs 10000 approved instantly with no documents. Apply at http://cash4u.biz
ham,What are you doing for a movie today? Let me know
spam,Free entry in our weekly draw to win Rs 5000. Text WIN to 8000123456 now
spam,Get a loan of Rs 50000 approved instantly with no documents. Apply at www.free-prize-now.com
ham,The exam for machine learning is on Monday. Want to study together this weekend?
spam,Congratulations! You have won a Rs 5000 gift card. Click http://bit.ly/win123 to claim your prize now
spam,Free entry in our weekly draw to win Rs 10000. Text WIN to 44880 now
spam,Congratulations! You have won a $2500 gift card. Click www.free-prize-now.com to claim your prize now
spam,"Congratulations! You have won a Rs 1,00,000 gift card. Click www.secure-bank-verify.net to claim your prize now"
spam,Congratulations! You have won a Rs 50000 gift card. Click www.secure-bank-verify.net to claim your prize now
ham,"Hey, are we still meeting for a movie at noon?"
ham,Your order has been placed and will be delivered by 9 pm tomorrow
ham,"Hey, are we still meeting for dinner at 6 pm?"
spam,Win a free holiday trip to Dubai! Reply YES to 8000123456 to enter the contest
spam,"Dear customer, you are eligible for a free recharge of $2500. Claim at http://cash4u.biz"
spam,Earn $500 per day working from home. No experience needed. Click www.secure-bank-verify.net
spam,Get a loan of Rs 5000 approved instantly with no documents. Apply at http://claim-offer.in/x
spam,URGENT! Your account has been suspended. Verify your details at http://bit.ly/win123 immediately
ham,"Hey, are we still meeting for a movie at 6 pm?"
spam,Get a loan of Rs 10000 approved instantly with no documents. Apply at www.free-prize-now.com
spam,Your credit card has a pre-approved limit of Rs 5000. Call 44880 to activate offer
spam,URGENT! Your account has been suspended. Verify your details at http://cash4u.biz immediately
spam,WINNER!! You have been selected to receive Rs 50000. Call 44880 now to claim
spam,WINNER!! You have been selected to receive $1000. Call 56789 now to claim
spam,Your credit card has a pre-approved limit of $2500. Call 44880 to activate offer
spam,"Free entry in our weekly draw to win Rs 1,00,000. Text WIN to 9090 now"
ham,"Lab for chemistry starts at 10 am, don't be late"
ham,What are you doing for lunch today? Let me know
spam,Hot singles in your area are waiting. Chat free at http://bit.ly/win123
spam,"Dear customer, you are eligible for a free recharge of Rs 10000. Claim at http://cash4u.biz"
ham,I will reach home by 6 pm. Please keep the dinner ready
spam,WINNER!! You have been selected to receive Rs 5000. Call 44880 now to claim
ham,Can you send me the notes for physics class? I missed it today
ham,"Lab for machine learning starts at noon, don't be late"
ham,"Hey, are we still meeting for the library at 7:30 pm?"
spam,Your credit card has a pre-approved limit of Rs 5000. Call 56789 to activate offer
spam,Get a loan of $1000 approved instantly with no documents. Apply at http://claim-offer.in/x
spam,Congratulations! You have won a Rs 50000 gift card. Click http://bit.ly/win123 to claim your prize now
ham,"Lab for electronics starts at 5 pm, don't be late"
spam,"Dear customer, you are eligible for a free recharge of $500. Claim at http://bit.ly/win123"
spam,Limited time offer! Buy one get one free on all items. Shop now at http://claim-offer.in/x
ham,Can you pick me up from the station at 6 pm?
spam,"Dear customer, you are eligible for a free recharge of $2500. Claim at http://claim-offer.in/x"
spam,Act now! Double your money in 24 hours with our guaranteed investment. www.free-prize-now.com
spam,Your credit card has a pre-approved limit of $1000. Call 9090 to activate offer
spam,Earn $500 per day working from home. No experience needed. Click http://bit.ly/win123
ham,"Hey, are we still meeting for coffee at 7:30 pm?"
ham,Can you call me when you are free? Need to discuss something about machine learning
ham,"Let's go for lunch after college today, I am free after noon"
spam,Your credit card has a pre-approved limit of Rs 10000. Call 44880 to activate offer
spam,Get a loan of $500 approved instantly with no documents. Apply at http://claim-offer.in/x
spam,Free entry in our weekly draw to win $2500. Text WIN to 44880 now
ham,"Hey, are we still meeting for lunch at 10 am?"
ham,"Bro, lend me your chemistry book for a day, I will return it tomorrow"
spam,"Dear customer, you are eligible for a free recharge of Rs 10000. Claim at www.free-prize-now.com"
spam,"Earn Rs 1,00,000 per day working from home. No experience needed. Click http://claim-offer.in/x"
ham,Your order has been placed and will be delivered by noon tomorrow
ham,"Let's go for a movie after college today, I am free after 7:30 pm"
ham,Reminder: doctor appointment at 7:30 pm tomorrow. Please be on time
spam,Your credit card has a pre-approved limit of $2500. Call 8000123456 to activate offer
ham,"Hey, are we still meeting for dinner at 7:30 pm?"
ham,"Let's go for lunch after college today, I am free after 9 pm"
ham,"Lab for physics starts at 9 pm, don't be late"
spam,Earn $2500 per day working from home. No experience needed. Click www.free-prize-now.com
ham,"Hey, are we still meeting for the library at 6 pm?"
spam,Your credit card has a pre-approved limit of $1000. Call 56789 to activate offer
ham,"Hey, are we still meeting for lunch at 9 pm?"
spam,"Cheap meds online, no prescription needed. Order today at www.secure-bank-verify.net"
spam,Get a loan of $500 approved instantly with no documents. Apply at www.free-prize-now.com
ham,"Let's go for coffee after college today, I am free after 10 am"
spam,You have won a lottery of $500! Send your bank details to claim the reward
spam,Get a loan of Rs 50000 approved instantly with no documents. Apply at www.secure-bank-verify.net
spam,"Dear customer, you are eligible for a free recharge of Rs 10000. Claim at http://claim-offer.in/x"
spam,"Dear customer, you are eligible for a free recharge of Rs 50000. Claim at http://bit.ly/win123"
spam,"Dear customer, you are eligible for a free recharge of $1000. Claim at www.free-prize-now.com"
spam,"Congratulations! You have won a Rs 1,00,000 gift card. Click http://bit.ly/win123 to claim your prize now"
ham,"Lab for electronics starts at 6 pm, don't be late"
spam,Act now! Double your money in 24 hours with our guaranteed investment. http://claim-offer.in/x
spam,Your KYC is expired. Update now at http://cash4u.biz or your account will be blocked today
ham,"I liked the physics lecture today, the teacher explained it very well"
ham,"Lab for maths starts at 6 pm, don't be late"
spam,WINNER!! You have been selected to receive $2500. Call 44880 now to claim
spam,Earn Rs 50000 per day working from home. No experience needed. Click http://cash4u.biz
ham,"Bro, lend me your maths book for a day, I will return it tomorrow"
spam,Claim your free iPhone now! Offer ends tonight. Click www.secure-bank-verify.net
ham,"I liked the python lecture today, the teacher explained it very well"
ham,Please submit the DBMS assignment before tomorrow morning
ham,Reminder: doctor appointment at 6 pm tomorrow. Please be on time
spam,"Dear customer, you are eligible for a free recharge of $2500. Claim at www.free-prize-now.com"
spam,Earn $2500 per day working from home. No experience needed. Click http://bit.ly/win123
ham,Happy birthday! Have a wonderful day and enjoy a lot
spam,Earn Rs 10000 per day working from home. No experience needed. Click http://bit.ly/win123
spam,Earn Rs 5000 per day working from home. No experience needed. Click http://bit.ly/win123
ham,"Hey, are we still meeting for the library at 10 am?"
spam,"Dear customer, you are eligible for a free recharge of $1000. Claim at http://cash4u.biz"
spam,"Dear customer, you are eligible for a free recharge of $2500. Claim at www.secure-bank-verify.net"
ham,Please submit the electronics assignment before tomorrow morning
spam,Get a loan of Rs 50000 approved instantly with no documents. Apply at http://bit.ly/win123
spam,"Dear customer, you are eligible for a free recharge of Rs 5000. Claim at www.secure-bank-verify.net"
spam,"Dear customer, you are eligible for a free recharge of Rs 50000. Claim at www.secure-bank-verify.net"
spam,Congratulations! You have won a $500 gift card. Click www.secure-bank-verify.net to claim your prize now
spam,"Dear customer, you are eligible for a free recharge of $500. Claim at www.free-prize-now.com"
ham,"Let's go for dinner after college today, I am free after 7:30 pm"
ham,"Lab for physics starts at 10 am, don't be late"
ham,"Let's go for the library after college today, I am free after 7:30 pm"
ham,"Lab for electronics starts at 7:30 pm, don't be late"
ham,"Bro, lend me your python book for a day, I will return it tomorrow"
ham,Please submit the chemistry assignment before tomorrow morning
ham,"Let's go for the library after college today, I am free after 10 am"
ham,The exam for python is on Monday. Want to study together this weekend?
spam,"Dear customer, you are eligible for a free recharge of $1000. Claim at www.secure-bank-verify.net"
spam,Bonus alert: Get 100% cashback on your first deposit. Register at http://cash4u.biz
spam,"WINNER!! You have been selected to receive Rs 1,00,000. Call 8000123456 now to claim"
ham,"Let's go for lunch after college today, I am free after 5 pm"
spam,You have won a lottery of Rs 50000! Send your bank details to claim the reward
spam,WINNER!! You have been selected to receive $1000. Call 44880 now to claim
spam,WINNER!! You have been selected to receive Rs 10000. Call 9090 now to claim
spam,Get a loan of Rs 10000 approved instantly with no documents. Apply at http://bit.ly/win123
ham,Don't forget to bring your laptop and charger for the lab tomorrow
ham,I will reach home by 5 pm. Please keep the dinner ready
spam,Act now! Double your money in 24 hours with our guaranteed investment. http://bit.ly/win123
spam,Free entry in our weekly draw to win $1000. Text WIN to 9090 now
ham,Meeting is rescheduled to 10 am tomorrow. Please confirm if you can join
spam,Congratulations! You have won a Rs 50000 gift card. Click http://claim-offer.in/x to claim your prize now
spam,"Dear customer, you are eligible for a free recharge of $1000. Claim at http://claim-offer.in/x"
ham,"Let's go for the library after college today, I am free after noon"
spam,Congratulations! You have won a $1000 gift card. Click http://cash4u.biz to claim your prize now
ham,"Lab for physics starts at 6 pm, don't be late"
spam,Claim your free iPhone now! Offer ends tonight. Click http://cash4u.biz
ham,"Sorry I missed your call, I was in class. Will call back at 7:30 pm"
ham,Can you send me the notes for DBMS class? I missed it today
ham,"Hey, are we still meeting for coffee at 9 pm?"
spam,Hot singles in your area are waiting. Chat free at http://claim-offer.in/x
spam,Free entry in our weekly draw to win Rs 10000. Text WIN to 8000123456 now
ham,"Lab for physics starts at 5 pm, don't be late"
spam,"WINNER!! You have been selected to receive Rs 1,00,000. Call 9090 now to claim"
ham,"Hey, are we still meeting for the library at 9 pm?"
ham,"Bro, lend me your machine learning book for a day, I will return it tomorrow"
spam,Win a free holiday trip to Dubai! Reply YES to 9090 to enter the contest
ham,Did you watch the match last night? It was amazing
ham,Meeting is rescheduled to 7:30 pm tomorrow. Please confirm if you can join
spam,WINNER!! You have been selected to receive $2500. Call 9090 now to claim
ham,"I liked the maths lecture today, the teacher explained it very well"
spam,URGENT! Your account has been suspended. Verify your details at www.secure-bank-verify.net immediately
ham,Can you pick me up from the station at 9 pm?
ham,"Lab for electronics starts at 9 pm, don't be late"
spam,Your KYC is expired. Update now at www.secure-bank-verify.net or your account will be blocked today
ham,"Let's go for the library after college today, I am free after 9 pm"
spam,"WINNER!! You have been selected to receive Rs 1,00,000. Call 44880 now to claim"
spam,"Cheap meds online, no prescription needed. Order today at http://bit.ly/win123"
ham,"Lab for chemistry starts at 6 pm, don't be late"
ham,Please submit the python assignment before tomorrow morning
spam,"Earn Rs 1,00,000 per day working from home. No experience needed. Click http://cash4u.biz"
ham,Reminder: doctor appointment at 10 am tomorrow. Please be on time
spam,You have won a lottery of Rs 5000! Send your bank details to claim the reward
ham,"Let's go for coffee after college today, I am free after 9 pm"
spam,Earn Rs 50000 per day working from home. No experience needed. Click http://claim-offer.in/x
ham,"Lab for python starts at 9 pm, don't be late"
spam,Free entry in our weekly draw to win $1000. Text WIN to 8000123456 now
spam,Congratulations! You have won a Rs 50000 gift card. Click http://cash4u.biz to claim your prize now
ham,Can you pick me up from the station at 10 am?
ham,"Lab for DBMS starts at 6 pm, don't be late"
spam,Limited time offer! Buy one get one free on all items. Shop now at www.free-prize-now.com
ham,I will reach home by 10 am. Please keep the dinner ready
spam,Congratulations! You have won a $1000 gift card. Click www.free-prize-now.com to claim your prize now
